-- phpMyAdmin SQL Dump
-- version 4.8.5
-- https://www.phpmyadmin.net/
--
-- Host: 127.0.0.1
-- Czas generowania: 07 Kwi 2019, 14:37
-- Wersja serwera: 10.1.38-MariaDB
-- Wersja PHP: 7.3.3

SET SQL_MODE = "NO_AUTO_VALUE_ON_ZERO";
SET AUTOCOMMIT = 0;
START TRANSACTION;
SET time_zone = "+00:00";


/*!40101 SET @OLD_CHARACTER_SET_CLIENT=@@CHARACTER_SET_CLIENT */;
/*!40101 SET @OLD_CHARACTER_SET_RESULTS=@@CHARACTER_SET_RESULTS */;
/*!40101 SET @OLD_COLLATION_CONNECTION=@@COLLATION_CONNECTION */;
/*!40101 SET NAMES utf8mb4 */;

--
-- Baza danych: `agrifood`
--

-- --------------------------------------------------------

--
-- Struktura tabeli dla tabeli `areacodes`
--

CREATE TABLE `areacodes` (
  `id` bigint(20) UNSIGNED NOT NULL,
  `name` varchar(191) COLLATE utf8mb4_unicode_ci NOT NULL
) ENGINE=InnoDB DEFAULT CHARSET=utf8mb4 COLLATE=utf8mb4_unicode_ci;

--
-- Zrzut danych tabeli `areacodes`
--

INSERT INTO `areacodes` (`id`, `name`) VALUES
(1, 'ΑΘΗΝΑ'),
(2, 'ΚΑΒΑΛΑ'),
(3, 'ΗΡΑΚΛΕΙΟ'),
(4, 'ΚΑΡΔΙΤΣΑ'),
(5, 'ΧΑΛΚΙΔΑ'),
(6, 'ΛΑΡΙΣΑ'),
(7, 'ΤΡΙΚΑΛΑ'),
(8, 'ΚΑΛΑΜΑΤΑ'),
(9, 'ΤΡΙΠΟΛΗ'),
(15452, 'ΨΥΧΙΚΟ'),
(15562, 'ΧΟΛΑΡΓΟΣ'),
(15669, 'ΠΑΠΑΓΟΣ'),
(15772, 'ΖΩΓΡΑΦΟΣ'),
(16122, 'ΚΑΙΣΑΡΙΑΝΗ'),
(16233, 'ΒΥΡΩΝΑΣ'),
(16342, 'ΗΛΙΟΥΠΟΛΗ'),
(16452, 'ΑΡΓΥΡΟΥΠΟΛΗ'),
(16671, 'ΒΟΥΛΙΑΓΜΕΝΗ'),
(16672, 'ΒΑΡΗ'),
(16673, 'ΒΟΥΛΑ'),
(16674, 'ΓΛΥΦΑΔΑ'),
(16777, 'ΕΛΛΗΝΙΚΟ'),
(17121, 'ΝΕΑ ΣΜΥΡΝΗ'),
(17235, 'ΔΑΦΝΗ'),
(17237, 'ΥΜΗΤΤΟΣ'),
(17341, 'ΑΓΙΟΣ ΔΗΜΗΤΡΙΟΣ'),
(17455, 'ΑΛΙΜΟΣ'),
(17563, 'ΠΑΛΑΙΟ ΦΑΛΗΡΟ'),
(17676, 'ΚΑΛΛΙΘΕΑ'),
(17778, 'ΤΑΥΡΟΣ'),
(18010, 'ΑΙΓΙΝΑ'),
(18020, 'ΠΟΡΟΣ ΤΡΟΙΖΗΝΙΑΣ'),
(18030, 'ΜΕΘΑΝΑ'),
(18040, 'ΥΔΡΑ'),
(18050, 'ΣΠΕΤΣΕΣ'),
(18546, 'ΠΕΙΡΑΙΑΣ'),
(18900, 'ΣΑΛΑΜΙΝΑ'),
(18901, 'ΠΑΛΟΥΚΙΑ'),
(18902, 'ΑΜΠΕΛΑΚΙΑ'),
(18903, 'ΑΙΑΝΤΕΙΟ'),
(19001, 'ΚΕΡΑΤΕΑ'),
(19002, 'ΠΑΙΑΝΙΑ'),
(19003, 'ΜΑΡΚΟΠΟΥΛΟ'),
(19004, 'ΣΠΑΤΑ'),
(19005, 'ΝΕΑ ΜΑΚΡΗ'),
(19006, 'ΝΕΑ ΠΕΡΑΜΟΣ'),
(19007, 'ΜΑΡΑΘΩΝΑΣ'),
(19008, 'ΕΡΥΘΡΕΣ'),
(19009, 'ΡΑΦΗΝΑ'),
(19010, 'ΚΑΛΥΒΙΑ ΘΟΡΙΚΟΥ'),
(19011, 'ΑΥΛΩΝΑ'),
(19012, 'ΒΙΛΙΑ'),
(19013, 'ΑΝΑΒΥΣΣΟΣ'),
(19014, 'ΚΑΠΑΝΔΡΙΤΙ'),
(19015, 'ΝΕΑ ΠΑΛΑΤΙΑ'),
(19016, 'ΑΡΤΕΜΙΣ'),
(19100, 'ΜΕΓΑΡΑ'),
(19200, 'ΕΛΕΥΣΙΝΑ'),
(19300, 'ΑΣΠΡΟΠΥΡΓΟΣ'),
(19400, 'ΚΟΡΩΠΙ'),
(19500, 'ΛΑΥΡΙΟ'),
(19600, 'ΜΑΝΔΡΑ'),
(20500, 'ΝΕΜΕΑ'),
(21051, 'ΕΡΜΙΟΝΗ'),
(21052, 'ΛΥΓΟΥΡΙΟ'),
(21053, 'ΝΕΑ ΚΙΟΣ'),
(21054, 'ΝΕΑ ΕΠΙΔΑΥΡΟΣ'),
(21056, 'ΤΟΛΟ'),
(21059, 'ΠΑΛΑΙΑ ΕΠΙΔΑΥΡΟΣ'),
(21060, 'ΔΡΕΠΑΝΟ'),
(21100, 'ΝΑΥΠΛΙΟ'),
(21200, 'ΑΡΓΟΣ'),
(21300, 'ΚΡΑΝΙΔΙ'),
(22001, 'ΑΣΤΡΟΣ'),
(22002, 'ΛΕΒΙΔΙ'),
(22003, 'ΛΑΓΚΑΔΙΑ'),
(22006, 'ΑΓΙΟΣ ΑΝΔΡΕΑΣ'),
(22007, 'ΔΗΜΗΤΣΑΝΑ'),
(22008, 'ΤΡΟΠΑΙΑ'),
(22010, 'ΒΥΤΙΝΑ'),
(22012, 'ΣΤΑΔΙΟ'),
(22013, 'ΚΑΣΤΡΙ'),
(22014, 'ΒΑΛΤΕΣΙΝΙΚΟ'),
(22015, 'ΚΟΝΤΟΒΑΖΑΙΝΑ'),
(22016, 'ΒΛΑΧΟΚΕΡΑΣΙΑ'),
(22019, 'ΠΑΡΑΛΙΟ ΑΣΤΡΟΣ'),
(22021, 'ΛΕΟΝΤΑΡΙ'),
(22022, 'ΚΑΡΙΤΑΙΝΑ'),
(22027, 'ΚΑΤΩ ΑΣΕΑ'),
(22028, 'ΠΑΛΟΥΜΠΑ'),
(22100, 'ΤΡΙΠΟΛΗ'),
(22200, 'ΜΕΓΑΛΟΠΟΛΗ'),
(22300, 'ΛΕΩΝΙΔΙ'),
(23058, 'ΓΕΡΑΚΙ'),
(25001, 'ΚΑΛΑΒΡΥΤΑ'),
(25002, 'ΒΡΑΧΝΑΙΙΚΑ'),
(25003, 'ΔΙΑΚΟΠΤΟ'),
(25006, 'ΑΚΡΑΤΑ'),
(25007, 'ΚΛΕΙΤΟΡΙΑ'),
(25008, 'ΧΑΛΑΝΔΡΙΤΣΑ'),
(25009, 'ΚΑΜΑΡΕΣ'),
(25010, 'ΑΙΓΕΙΡΑ'),
(25015, 'ΕΡΥΜΑΝΘΕΙΑ'),
(25016, 'ΑΡΟΑΝΙΑ'),
(25100, 'ΑΙΓΙΟ'),
(25200, 'ΚΑΤΩ ΑΧΑΙΑ'),
(26504, 'ΠΑΤΡΑ'),
(27052, 'Σ. Σ. ΒΑΡΔΑΣ'),
(27061, 'ΑΝΔΡΙΤΣΑΙΝΑ'),
(30001, 'ΝΕΟΧΩΡΙ'),
(30002, 'ΒΟΝΙΤΣΑ'),
(30003, 'ΠΑΝΑΙΤΩΛΙΟ'),
(30004, 'ΚΑΤΟΥΝΑ'),
(30005, 'ΚΑΙΝΟΥΡΓΙΟ'),
(30006, 'ΑΣΤΑΚΟΣ'),
(30007, 'ΚΑΤΟΧΗ'),
(30008, 'ΘΕΡΜΟ'),
(30009, 'ΦΥΤΕΙΕΣ'),
(30010, 'ΠΑΡΑΒΟΛΑ'),
(30011, 'ΜΑΤΑΡΑΓΚΑ'),
(30012, 'ΠΑΛΑΙΡΟΣ'),
(30014, 'ΕΥΗΝΟΧΩΡΙ'),
(30015, 'ΓΑΒΑΛΟΥ'),
(30016, 'ΜΕΝΙΔΙ'),
(30017, 'ΕΜΠΕΣΟΣ'),
(30019, 'ΜΥΤΙΚΑΣ'),
(30020, 'ΑΝΤΙΡΡΙΟ'),
(30021, 'ΑΓΙΟΣ ΒΛΑΣΙΟΣ'),
(30022, 'ΠΛΑΤΑΝΟΣ'),
(30023, 'ΑΝΩ ΧΩΡΑ'),
(30025, 'ΚΛΕΠΑ'),
(30026, 'ΣΙΜΟΣ'),
(30027, 'ΑΓΙΟΣ ΚΩΝΣΤΑΝΤΙΝΟΣ'),
(30100, 'ΑΓΡΙΝΙΟ'),
(30200, 'ΜΕΣΟΛΟΓΓΙ'),
(30300, 'ΝΑΥΠΑΚΤΟΣ'),
(30400, 'ΑΙΤΩΛΙΚΟ'),
(30500, 'ΑΜΦΙΛΟΧΙΑ'),
(31100, 'ΛΕΥΚΑΔΑ'),
(32001, 'ΑΛΙΑΡΤΟΣ'),
(32002, 'ΒΑΓΙΑ'),
(32003, 'ΠΑΡΑΛΙΑ ΔΙΣΤΟΜΟΥ'),
(32004, 'ΑΡΑΧΟΒΑ'),
(32005, 'ΔΙΣΤΟΜΟ'),
(32006, 'ΚΥΡΙΑΚΙ'),
(32008, 'ΔΑΥΛΕΙΑ'),
(32009, 'ΣΧΗΜΑΤΑΡΙ'),
(32010, 'ΔΟΜΒΡΑΙΝΑ'),
(32011, 'ΟΙΝΟΦΥΤΑ'),
(32012, 'ΑΝΤΙΚΥΡΑ'),
(32100, 'ΛΙΒΑΔΕΙΑ'),
(32200, 'ΘΗΒΑ'),
(32300, 'ΟΡΧΟΜΕΝΟΣ'),
(33061, 'ΚΡΟΚΥΛΕΙΟ'),
(35015, 'ΚΑΤΩ ΤΙΘΟΡΕΑ'),
(38221, 'ΒΟΛΟΣ'),
(38445, 'Ν. ΙΩΝΙΑ ΒΟΛΟΥ'),
(44001, 'ΠΡΑΜΑΝΤΑ'),
(47040, 'ΚΟΜΠΟΤΙ'),
(47043, 'ΑΓΝΑΝΤΑ'),
(47044, 'ΑΝΩ ΚΑΛΕΝΤΙΝΗ'),
(47045, 'ΒΟΥΡΓΑΡΕΛΙ'),
(47046, 'ΡΟΔΑΥΓΗ'),
(47047, 'ΜΗΛΙΑΝΑ'),
(47048, 'ΔΗΜΑΡΙ'),
(47100, 'ΑΡΤΑ'),
(47200, 'ΠΕΤΑ'),
(48200, 'ΦΙΛΙΠΠΙΑΔΑ'),
(50004, 'ΑΙΑΝΗ'),
(51032, 'ΠΟΛΥΝΕΡΙ'),
(51100, 'ΓΡΕΒΕΝΑ'),
(51200, 'ΔΕΣΚΑΤΗ'),
(62045, 'ΑΛΙΣΤΡΑΤΗ'),
(66031, 'ΚΑΛΑΜΠΑΚΙ'),
(66032, 'ΚΥΡΙΑ'),
(66033, 'ΚΑΤΩ ΝΕΥΡΟΚΟΠΙ'),
(66034, 'ΦΩΤΟΛΙΒΟΣ'),
(66035, 'ΠΑΡΑΝΕΣΤΙ'),
(66037, 'ΝΙΚΗΦΟΡΟΣ'),
(66100, 'ΔΡΑΜΑ'),
(66200, 'ΠΡΟΣΟΤΣΑΝΗ'),
(66300, 'ΔΟΞΑΤΟ'),
(80100, 'ΚΥΘΗΡΑ'),
(80200, 'ΠΟΤΑΜΟΣ'),
(85001, 'ΛΕΙΨΟΙ'),
(85002, 'ΤΗΛΟΣ'),
(85106, 'ΠΑΡΑΔΕΙΣΙ'),
(85300, 'ΚΩΣ'),
(85400, 'ΛΕΡΟΣ'),
(85700, 'ΚΑΡΠΑΘΟΣ'),
(85800, 'ΚΑΣΟΣ');

-- --------------------------------------------------------

--
-- Struktura tabeli dla tabeli `listings`
--

CREATE TABLE `listings` (
  `id` bigint(20) UNSIGNED NOT NULL,
  `created_at` timestamp NULL DEFAULT NULL,
  `updated_at` timestamp NULL DEFAULT NULL,
  `seller_id` bigint(20) UNSIGNED NOT NULL,
  `buyer_id` bigint(20) UNSIGNED DEFAULT NULL,
  `product_id` bigint(20) UNSIGNED NOT NULL,
  `areacodes_id` bigint(20) UNSIGNED NOT NULL,
  `bid` double(15,2) NOT NULL,
  `buyout` double(15,2) NOT NULL,
  `amount` double(15,2) NOT NULL,
  `quality` int(11) NOT NULL,
  `production_date` datetime NOT NULL,
  `end_of_auction` datetime NOT NULL,
  `sold` tinyint(1) NOT NULL
) ENGINE=InnoDB DEFAULT CHARSET=utf8mb4 COLLATE=utf8mb4_unicode_ci;

--
-- Zrzut danych tabeli `listings`
--

INSERT INTO `listings` (`id`, `created_at`, `updated_at`, `seller_id`, `buyer_id`, `product_id`, `areacodes_id`, `bid`, `buyout`, `amount`, `quality`, `production_date`, `end_of_auction`, `sold`) VALUES
(1, '2019-04-07 12:23:26', '2019-04-07 17:42:24', 10, 12, 3, 5, 630.00, 8883.00, 2608.00, 9, '2019-02-10 21:58:03', '2019-08-01 19:12:26', 0),
(2, '2019-04-07 01:53:14', '2019-04-07 09:05:32', 2, 5, 4, 8, 444.00, 8675.00, 4635.00, 3, '2019-03-02 12:21:42', '2019-05-09 18:15:05', 1),
(3, '2019-04-07 18:24:13', '2019-04-07 20:38:58', 2, 3, 3, 5, 704.00, 5507.00, 1611.00, 10, '2019-03-23 02:15:38', '2019-08-09 13:39:08', 1),
(4, '2019-04-07 13:06:18', '2019-04-07 04:46:54', 3, 5, 3, 2, 597.00, 3138.00, 2178.00, 4, '2019-02-13 16:04:43', '2019-07-16 11:16:05', 0),
(5, '2019-04-07 01:07:09', '2019-04-07 10:59:33', 11, 12, 2, 9, 767.00, 5654.00, 3908.00, 4, '2019-03-18 07:14:58', '2019-07-25 07:56:13', 1),
(6, '2019-04-07 20:24:26', '2019-04-07 01:38:53', 4, 8, 6, 3, 766.00, 5261.00, 8398.00, 7, '2019-02-16 22:19:33', '2019-08-09 20:32:20', 1),
(7, '2019-04-07 05:48:54', '2019-04-07 19:31:57', 10, 1, 4, 9, 684.00, 9242.00, 3551.00, 2, '2019-02-03 03:55:11', '2019-07-02 18:40:31', 1),
(8, '2019-04-06 22:59:30', '2019-04-07 10:42:07', 1, 10, 7, 4, 671.00, 6065.00, 8783.00, 8, '2019-02-02 21:17:24', '2019-07-02 21:16:18', 1),
(9, '2019-04-07 05:05:17', '2019-04-07 19:48:52', 2, 12, 4, 6, 673.00, 3382.00, 4240.00, 1, '2019-02-07 04:19:16', '2019-07-01 15:34:23', 1),
(10, '2019-04-07 09:28:14', '2019-04-07 06:16:15', 12, 1, 9, 8, 8503.00, 8503.00, 2152.00, 1, '2019-03-01 03:35:43', '2019-04-10 17:54:09', 1),
(11, '2019-04-07 20:03:42', '2019-04-07 05:25:43', 2, 11, 4, 7, 445.00, 3172.00, 1217.00, 4, '2019-02-14 01:21:33', '2019-06-13 14:59:07', 0),
(12, '2019-04-07 05:02:24', '2019-04-07 12:58:35', 5, 8, 4, 6, 479.00, 7547.00, 7640.00, 2, '2019-02-10 06:04:26', '2019-08-12 03:17:51', 0),
(13, '2019-04-07 11:52:29', '2019-04-07 14:16:54', 3, 7, 3, 2, 657.00, 3535.00, 4557.00, 2, '2019-03-09 00:18:54', '2019-04-08 11:09:03', 1),
(14, '2019-04-07 19:55:14', '2019-04-07 06:38:47', 9, 1, 6, 1, 4837.00, 4837.00, 6648.00, 4, '2019-02-23 01:02:42', '2019-04-12 19:17:58', 1),
(15, '2019-04-07 05:51:48', '2019-04-07 02:14:46', 1, 8, 4, 3, 477.00, 4915.00, 4412.00, 5, '2019-03-23 02:46:41', '2019-08-04 20:25:26', 0),
(16, '2019-04-07 11:18:37', '2019-04-07 16:12:34', 7, 2, 9, 6, 424.00, 3952.00, 6366.00, 5, '2019-03-14 03:50:32', '2019-07-18 03:06:58', 1),
(17, '2019-04-06 22:02:56', '2019-04-07 20:27:36', 8, 1, 2, 1, 409.00, 3090.00, 2494.00, 7, '2019-02-14 17:45:43', '2019-06-08 00:37:55', 0),
(18, '2019-04-07 08:17:36', '2019-04-07 15:58:59', 5, 11, 5, 3, 610.00, 5074.00, 6503.00, 9, '2019-03-07 07:02:05', '2019-08-25 18:57:54', 1),
(19, '2019-04-07 07:06:38', '2019-04-07 15:53:56', 12, 5, 1, 9, 684.00, 5304.00, 8635.00, 3, '2019-04-04 07:22:22', '2019-05-18 03:36:10', 1),
(20, '2019-04-07 05:22:10', '2019-04-07 16:28:17', 8, 5, 4, 6, 480.00, 4708.00, 2009.00, 9, '2019-03-21 08:29:40', '2019-08-19 09:42:15', 0),
(21, '2019-04-07 17:12:15', '2019-04-07 06:23:57', 11, 11, 3, 3, 533.00, 5376.00, 2218.00, 1, '2019-02-16 19:59:48', '2019-05-17 11:21:09', 1),
(22, '2019-04-06 23:23:20', '2019-04-07 11:16:12', 4, 12, 5, 4, 616.00, 5148.00, 7139.00, 2, '2019-03-22 11:41:58', '2019-05-12 15:04:53', 1),
(23, '2019-04-07 00:02:59', '2019-04-07 12:17:42', 11, 10, 3, 9, 551.00, 6873.00, 4967.00, 1, '2019-03-19 23:41:53', '2019-05-06 13:46:49', 0),
(24, '2019-04-06 21:42:59', '2019-04-07 10:47:38', 5, 9, 8, 3, 536.00, 6851.00, 3568.00, 3, '2019-03-28 23:21:44', '2019-07-07 06:52:36', 1),
(25, '2019-04-07 17:40:28', '2019-04-07 07:41:05', 3, 2, 7, 8, 444.00, 6463.00, 5070.00, 10, '2019-03-30 17:09:24', '2019-04-12 12:17:32', 1),
(26, '2019-04-07 03:01:33', '2019-04-07 07:05:00', 10, 14, 9, 4, 6663.00, 6663.00, 7739.00, 3, '2019-03-19 06:53:57', '2019-04-18 03:08:41', 1),
(27, '2019-04-07 05:52:07', '2019-04-07 12:53:00', 2, 1, 2, 2, 572.00, 3380.00, 1224.00, 8, '2019-04-01 20:22:10', '2019-05-19 21:43:49', 0),
(28, '2019-04-07 08:31:36', '2019-04-07 11:55:27', 9, 11, 4, 6, 423.00, 5818.00, 5259.00, 7, '2019-02-16 02:32:14', '2019-06-09 21:28:33', 0),
(29, '2019-04-06 22:51:55', '2019-04-07 14:57:33', 8, 11, 5, 7, 458.00, 8411.00, 5212.00, 4, '2019-03-06 11:42:07', '2019-04-10 05:03:19', 1),
(30, '2019-04-07 16:25:15', '2019-04-07 07:20:42', 9, 9, 4, 1, 641.00, 5870.00, 4025.00, 2, '2019-02-08 18:33:06', '2019-06-22 14:42:08', 0),
(31, '2019-04-07 08:19:05', '2019-04-07 08:38:39', 10, 3, 5, 5, 473.00, 7070.00, 7005.00, 10, '2019-02-27 13:32:03', '2019-05-18 18:54:07', 1),
(32, '2019-04-07 18:24:54', '2019-04-07 05:06:53', 5, 3, 1, 4, 528.00, 3143.00, 7931.00, 7, '2019-03-24 23:24:14', '2019-05-10 00:27:49', 0),
(33, '2019-04-06 21:14:10', '2019-04-07 18:04:01', 5, 6, 4, 9, 752.00, 6790.00, 9187.00, 10, '2019-02-18 00:07:18', '2019-05-15 05:19:50', 0),
(34, '2019-04-06 22:57:04', '2019-04-07 16:19:15', 4, 2, 4, 2, 632.00, 5105.00, 7697.00, 3, '2019-03-29 22:00:32', '2019-06-01 07:53:02', 0),
(35, '2019-04-07 12:47:33', '2019-04-07 07:50:12', 6, 9, 8, 9, 567.00, 7793.00, 2707.00, 3, '2019-02-01 11:43:34', '2019-06-13 22:02:38', 0),
(36, '2019-04-07 09:54:42', '2019-04-07 00:58:57', 7, 10, 7, 5, 736.00, 8919.00, 7266.00, 1, '2019-03-10 09:29:56', '2019-05-13 10:57:09', 0),
(37, '2019-04-07 16:38:09', '2019-04-07 16:22:38', 3, 7, 4, 6, 550.00, 7507.00, 7608.00, 8, '2019-02-28 04:32:48', '2019-08-15 18:40:29', 1),
(38, '2019-04-07 18:37:01', '2019-04-07 00:05:51', 5, 9, 5, 5, 776.00, 7727.00, 8340.00, 3, '2019-02-02 11:38:44', '2019-07-07 23:24:29', 0),
(39, '2019-04-07 17:07:31', '2019-04-07 11:46:53', 7, 11, 7, 7, 734.00, 4044.00, 1711.00, 3, '2019-03-12 14:56:05', '2019-05-06 05:47:27', 0),
(40, '2019-04-06 22:05:51', '2019-04-07 11:17:17', 5, 4, 3, 2, 418.00, 6280.00, 9485.00, 7, '2019-03-01 08:18:58', '2019-08-21 04:46:45', 1),
(41, '2019-04-07 07:16:29', '2019-04-07 11:45:44', 3, 7, 6, 7, 532.00, 8712.00, 6370.00, 8, '2019-02-27 23:10:48', '2019-08-11 03:56:00', 0),
(42, '2019-04-07 20:14:38', '2019-04-07 17:28:18', 1, 4, 3, 5, 545.00, 5181.00, 1639.00, 7, '2019-02-06 11:21:25', '2019-08-30 22:24:51', 0),
(43, '2019-04-07 03:36:55', '2019-04-07 09:41:53', 6, 8, 1, 5, 772.00, 3526.00, 5125.00, 2, '2019-04-05 04:27:07', '2019-07-17 22:19:04', 0),
(44, '2019-04-07 20:18:47', '2019-04-06 23:33:08', 2, 12, 3, 9, 467.00, 3198.00, 8388.00, 4, '2019-02-20 04:13:53', '2019-04-28 08:23:22', 0),
(45, '2019-04-06 23:14:57', '2019-04-07 08:21:49', 4, 10, 3, 1, 537.00, 3965.00, 3242.00, 3, '2019-02-17 21:05:39', '2019-06-18 16:08:25', 0),
(46, '2019-04-07 17:48:50', '2019-04-07 01:02:09', 4, 6, 9, 5, 529.00, 6010.00, 4759.00, 3, '2019-02-20 20:12:54', '2019-05-11 17:02:35', 1),
(47, '2019-04-07 04:48:16', '2019-04-07 10:34:45', 12, 11, 7, 4, 718.00, 7432.00, 3486.00, 9, '2019-03-23 17:39:31', '2019-07-05 02:34:43', 0),
(48, '2019-04-07 15:18:24', '2019-04-07 10:33:35', 1, 9, 3, 5, 490.00, 4653.00, 9861.00, 6, '2019-03-03 19:43:27', '2019-05-11 23:38:59', 1),
(49, '2019-04-06 23:28:08', '2019-04-06 21:45:41', 8, 11, 4, 4, 702.00, 7332.00, 4010.00, 3, '2019-02-12 03:28:51', '2019-08-09 11:32:53', 1),
(50, '2019-04-07 12:01:46', '2019-04-06 23:36:19', 4, 2, 2, 9, 476.00, 5909.00, 9911.00, 4, '2019-02-09 14:37:53', '2019-07-19 03:56:10', 1),
(51, '2019-04-07 18:29:51', '2019-04-07 09:19:37', 1, 7, 4, 5, 691.00, 7496.00, 8567.00, 6, '2019-02-02 21:28:21', '2019-08-03 03:24:56', 0),
(52, '2019-04-07 15:00:41', '2019-04-07 14:23:23', 11, 12, 8, 2, 503.00, 8788.00, 1810.00, 10, '2019-02-12 14:06:26', '2019-07-07 09:57:01', 0),
(53, '2019-04-07 05:30:21', '2019-04-07 07:39:46', 6, 6, 8, 5, 607.00, 9416.00, 8978.00, 8, '2019-03-23 01:34:40', '2019-07-24 21:59:53', 1),
(54, '2019-04-07 02:21:23', '2019-04-06 21:25:13', 7, 2, 9, 6, 447.00, 8757.00, 2089.00, 1, '2019-02-28 04:58:23', '2019-08-07 02:23:53', 0),
(55, '2019-04-07 04:10:36', '2019-04-07 00:57:45', 5, 7, 8, 1, 677.00, 3903.00, 7460.00, 3, '2019-02-11 20:50:31', '2019-05-15 22:00:20', 0),
(56, '2019-04-07 17:30:58', '2019-04-07 13:41:31', 8, 9, 9, 6, 768.00, 6513.00, 2815.00, 7, '2019-03-28 07:09:23', '2019-07-25 05:24:26', 0),
(57, '2019-04-07 15:56:34', '2019-04-07 12:03:24', 5, 2, 5, 4, 685.00, 7693.00, 5999.00, 7, '2019-02-26 18:04:27', '2019-05-17 01:07:29', 0),
(58, '2019-04-07 13:08:56', '2019-04-07 00:42:37', 9, 11, 1, 7, 735.00, 7197.00, 6867.00, 7, '2019-03-20 14:41:38', '2019-08-16 02:43:59', 0),
(59, '2019-04-07 08:31:05', '2019-04-06 21:05:38', 10, 10, 5, 8, 762.00, 7710.00, 9908.00, 3, '2019-02-09 20:45:57', '2019-07-13 08:25:13', 0),
(60, '2019-04-07 08:12:02', '2019-04-07 16:14:24', 9, 4, 1, 9, 626.00, 5616.00, 2384.00, 6, '2019-02-10 10:42:36', '2019-08-24 12:12:00', 0),
(61, '2019-04-07 00:30:53', '2019-04-07 18:30:52', 9, 3, 9, 6, 423.00, 7887.00, 2803.00, 6, '2019-03-17 20:31:29', '2019-07-01 05:41:34', 1),
(62, '2019-04-07 16:02:08', '2019-04-06 22:40:42', 5, 1, 6, 1, 619.00, 6912.00, 1700.00, 9, '2019-02-17 17:08:57', '2019-08-18 07:14:49', 0),
(63, '2019-04-07 18:04:04', '2019-04-07 09:40:42', 3, 8, 8, 9, 506.00, 5816.00, 1099.00, 1, '2019-04-01 16:37:30', '2019-07-02 06:10:05', 1),
(64, '2019-04-07 17:37:29', '2019-04-06 22:23:17', 8, 3, 4, 6, 435.00, 6745.00, 4278.00, 1, '2019-03-08 05:41:24', '2019-04-17 15:59:10', 1),
(65, '2019-04-07 12:26:11', '2019-04-07 10:53:49', 3, 7, 8, 8, 701.00, 4316.00, 2764.00, 8, '2019-04-03 14:14:11', '2019-07-08 19:09:23', 0),
(66, '2019-04-07 08:03:02', '2019-04-07 05:09:19', 7, 4, 7, 9, 615.00, 7710.00, 3883.00, 1, '2019-03-13 07:55:33', '2019-05-17 23:19:33', 1),
(67, '2019-04-07 18:48:28', '2019-04-07 02:00:50', 12, 11, 2, 1, 612.00, 8082.00, 9450.00, 10, '2019-02-27 12:27:25', '2019-05-13 05:06:23', 1),
(68, '2019-04-07 19:05:20', '2019-04-07 11:43:11', 12, 3, 1, 1, 408.00, 7548.00, 8169.00, 10, '2019-03-15 01:28:35', '2019-06-04 02:34:20', 0),
(69, '2019-04-07 17:22:58', '2019-04-07 15:17:48', 1, 9, 5, 5, 742.00, 6419.00, 7322.00, 8, '2019-02-21 14:49:51', '2019-07-04 05:50:24', 1),
(70, '2019-04-07 13:07:12', '2019-04-07 06:28:18', 9, 5, 1, 6, 623.00, 4702.00, 9768.00, 4, '2019-02-14 23:55:07', '2019-06-09 22:08:28', 0),
(71, '2019-04-06 21:17:01', '2019-04-07 01:50:21', 3, 4, 3, 9, 672.00, 4868.00, 2958.00, 4, '2019-03-04 17:26:00', '2019-06-20 20:24:45', 1),
(72, '2019-04-07 19:33:31', '2019-04-07 01:44:32', 1, 7, 9, 5, 714.00, 3122.00, 5639.00, 4, '2019-03-01 18:36:23', '2019-05-04 12:21:35', 0),
(73, '2019-04-07 11:16:54', '2019-04-07 00:51:26', 11, 2, 3, 7, 547.00, 6445.00, 7437.00, 8, '2019-02-19 15:11:53', '2019-04-27 03:11:41', 1),
(74, '2019-04-07 03:56:18', '2019-04-07 01:12:02', 2, 5, 8, 2, 583.00, 7388.00, 9317.00, 6, '2019-03-12 21:43:37', '2019-06-05 12:51:59', 0),
(75, '2019-04-07 02:30:33', '2019-04-07 19:05:30', 7, 4, 6, 3, 457.00, 3553.00, 3603.00, 8, '2019-03-05 10:53:36', '2019-06-04 12:06:45', 0),
(76, '2019-04-07 00:11:29', '2019-04-07 15:16:39', 4, 7, 4, 9, 492.00, 9481.00, 3804.00, 6, '2019-02-08 20:21:12', '2019-08-05 03:03:12', 1),
(77, '2019-04-07 16:47:38', '2019-04-07 04:59:48', 6, 1, 8, 4, 770.00, 9447.00, 3229.00, 2, '2019-03-20 05:39:41', '2019-05-11 04:09:11', 1),
(78, '2019-04-06 23:27:20', '2019-04-07 05:23:59', 8, 3, 3, 5, 788.00, 8487.00, 3944.00, 6, '2019-02-20 13:21:35', '2019-07-10 21:53:46', 1),
(79, '2019-04-07 14:25:50', '2019-04-07 05:51:53', 5, 2, 7, 5, 602.00, 5220.00, 1520.00, 2, '2019-03-21 09:12:17', '2019-07-14 11:04:08', 0),
(80, '2019-04-07 04:01:59', '2019-04-07 06:31:49', 7, 5, 4, 5, 443.00, 4211.00, 4904.00, 9, '2019-02-09 21:09:17', '2019-05-14 10:09:57', 1),
(81, '2019-04-07 11:14:15', '2019-04-07 14:10:03', 8, 10, 6, 1, 420.00, 7828.00, 5147.00, 5, '2019-03-27 13:24:16', '2019-07-17 14:00:08', 0),
(82, '2019-04-07 04:16:08', '2019-04-07 15:11:25', 3, 1, 5, 1, 445.00, 7663.00, 2789.00, 7, '2019-04-04 10:04:34', '2019-04-22 01:12:53', 1),
(83, '2019-04-07 11:53:21', '2019-04-07 02:06:34', 8, 10, 2, 2, 455.00, 7315.00, 5233.00, 2, '2019-04-03 10:59:40', '2019-06-28 18:39:17', 0),
(84, '2019-04-07 05:41:12', '2019-04-07 19:17:17', 8, 4, 6, 7, 671.00, 5755.00, 2608.00, 2, '2019-03-13 18:24:10', '2019-06-30 02:17:29', 1),
(85, '2019-04-06 22:10:38', '2019-04-07 06:02:07', 12, 7, 3, 2, 734.00, 7528.00, 6648.00, 3, '2019-04-03 17:37:08', '2019-06-15 16:32:42', 1),
(86, '2019-04-07 18:21:58', '2019-04-07 19:05:58', 8, 10, 3, 3, 426.00, 3277.00, 3238.00, 4, '2019-03-29 22:44:42', '2019-07-30 09:51:48', 0),
(87, '2019-04-07 13:54:04', '2019-04-07 02:02:54', 4, 11, 6, 5, 790.00, 7064.00, 1283.00, 3, '2019-02-04 19:17:26', '2019-08-10 16:09:01', 0),
(88, '2019-04-07 06:30:14', '2019-04-07 06:43:21', 6, 9, 6, 3, 401.00, 7996.00, 8721.00, 8, '2019-03-22 15:24:20', '2019-07-04 23:04:26', 0),
(89, '2019-04-07 19:26:07', '2019-04-07 00:51:17', 1, 6, 1, 5, 489.00, 8220.00, 8972.00, 7, '2019-04-03 14:06:10', '2019-05-11 17:40:22', 0),
(90, '2019-04-07 18:58:17', '2019-04-07 04:53:48', 2, 3, 9, 4, 670.00, 5871.00, 8769.00, 8, '2019-02-09 03:07:55', '2019-05-25 14:07:03', 0),
(91, '2019-04-06 22:08:28', '2019-04-07 10:20:24', 11, 7, 9, 8, 420.00, 7126.00, 3701.00, 10, '2019-03-02 09:21:55', '2019-05-24 19:02:20', 1),
(92, '2019-04-07 12:25:47', '2019-04-07 10:37:10', 9, 6, 7, 8, 459.00, 7116.00, 4530.00, 1, '2019-02-26 11:03:14', '2019-07-03 23:18:37', 1),
(93, '2019-04-06 21:01:41', '2019-04-07 05:54:44', 5, 6, 8, 9, 542.00, 5953.00, 7175.00, 8, '2019-03-08 19:45:10', '2019-07-21 22:45:07', 1),
(94, '2019-04-06 21:38:42', '2019-04-07 04:01:03', 10, 8, 2, 5, 531.00, 3288.00, 1666.00, 5, '2019-02-07 13:42:11', '2019-05-05 20:52:48', 1),
(95, '2019-04-07 00:41:25', '2019-04-07 06:41:55', 1, 13, 3, 7, 6520.00, 6520.00, 2511.00, 7, '2019-03-11 02:22:46', '2019-04-17 07:38:41', 1),
(96, '2019-04-07 06:26:43', '2019-04-07 00:24:18', 6, 10, 6, 8, 743.00, 9265.00, 2904.00, 10, '2019-03-17 08:40:22', '2019-08-10 01:24:22', 1),
(97, '2019-04-07 10:13:42', '2019-04-07 08:38:04', 6, 8, 2, 9, 683.00, 3037.00, 8218.00, 4, '2019-03-22 19:31:58', '2019-08-27 23:11:38', 0),
(98, '2019-04-07 17:45:48', '2019-04-07 18:34:30', 10, 1, 4, 3, 587.00, 7061.00, 5111.00, 7, '2019-03-04 13:50:27', '2019-07-23 08:30:31', 0),
(99, '2019-04-07 02:21:05', '2019-04-07 10:58:34', 3, 11, 6, 9, 623.00, 9012.00, 7865.00, 3, '2019-03-29 23:31:14', '2019-05-21 12:45:26', 0),
(100, '2019-04-07 19:42:58', '2019-04-07 02:44:07', 12, 2, 5, 7, 423.00, 4387.00, 8317.00, 3, '2019-02-18 02:43:21', '2019-05-19 23:44:14', 1),
(101, '2019-04-07 18:48:40', '2019-04-06 22:07:17', 3, 9, 8, 6, 363.00, 3454.00, 1746.00, 1, '2019-03-07 20:27:01', '2019-06-08 22:14:49', 1),
(102, '2019-04-07 17:11:09', '2019-04-07 04:24:16', 3, 12, 2, 9, 519.00, 8359.00, 3709.00, 2, '2019-02-03 17:13:15', '2019-04-25 19:05:12', 1),
(103, '2019-04-07 11:56:55', '2019-04-07 19:34:31', 9, 2, 9, 3, 548.00, 5535.00, 3512.00, 1, '2019-03-08 11:19:36', '2019-05-21 20:07:29', 0),
(104, '2019-04-07 06:44:48', '2019-04-07 12:55:16', 1, 2, 8, 4, 650.00, 6673.00, 4226.00, 6, '2019-02-25 04:22:12', '2019-05-20 12:03:03', 1),
(105, '2019-04-07 13:26:18', '2019-04-07 14:34:11', 12, 5, 2, 8, 339.00, 8784.00, 1021.00, 2, '2019-02-16 13:00:25', '2019-06-04 11:07:44', 0),
(106, '2019-04-07 17:54:39', '2019-04-06 23:00:14', 9, 10, 5, 3, 500.00, 3743.00, 6070.00, 1, '2019-03-01 11:49:15', '2019-07-25 03:37:30', 1),
(107, '2019-04-07 20:44:58', '2019-04-07 03:17:37', 1, 6, 6, 4, 640.00, 6873.00, 1356.00, 4, '2019-02-24 05:25:17', '2019-08-15 12:49:04', 1),
(108, '2019-04-07 02:16:45', '2019-04-06 22:41:57', 1, 10, 3, 7, 677.00, 5116.00, 4073.00, 7, '2019-03-09 13:10:51', '2019-04-26 18:43:53', 1),
(109, '2019-04-07 10:58:56', '2019-04-07 11:30:22', 6, 10, 7, 3, 469.00, 4999.00, 1008.00, 3, '2019-02-17 00:47:38', '2019-08-06 09:55:26', 1),
(110, '2019-04-06 22:24:30', '2019-04-07 13:00:29', 3, 2, 6, 4, 546.00, 7466.00, 4563.00, 6, '2019-04-03 21:19:43', '2019-08-03 19:31:57', 1),
(111, '2019-04-07 05:11:58', '2019-04-07 01:49:02', 6, 5, 8, 5, 690.00, 4765.00, 1337.00, 1, '2019-03-29 01:16:29', '2019-07-02 12:46:01', 1),
(112, '2019-04-07 12:50:57', '2019-04-07 10:12:45', 7, 3, 5, 7, 403.00, 3616.00, 9486.00, 1, '2019-02-04 00:40:13', '2019-08-13 12:10:32', 1),
(113, '2019-04-07 06:30:27', '2019-04-07 16:23:22', 7, 11, 9, 2, 458.00, 6471.00, 3615.00, 2, '2019-03-11 07:17:16', '2019-07-17 05:18:40', 0),
(114, '2019-04-07 00:20:41', '2019-04-07 04:04:29', 9, 5, 1, 5, 418.00, 8378.00, 6713.00, 9, '2019-04-04 08:13:05', '2019-07-26 20:55:11', 0),
(115, '2019-04-07 05:24:13', '2019-04-07 10:14:12', 4, 3, 3, 4, 540.00, 8914.00, 9952.00, 4, '2019-02-21 00:47:04', '2019-06-18 06:20:01', 0),
(116, '2019-04-07 05:41:26', '2019-04-07 16:12:48', 12, 1, 2, 9, 420.00, 3566.00, 5095.00, 1, '2019-02-16 13:25:12', '2019-05-06 02:33:45', 0),
(117, '2019-04-06 23:14:28', '2019-04-07 17:41:27', 4, 10, 3, 1, 648.00, 7738.00, 9921.00, 5, '2019-03-06 17:43:33', '2019-05-06 02:19:01', 0),
(118, '2019-04-06 23:02:47', '2019-04-07 04:16:11', 9, 11, 9, 3, 625.00, 9033.00, 8407.00, 9, '2019-02-01 09:13:05', '2019-04-28 01:24:40', 0),
(119, '2019-04-06 23:48:59', '2019-04-07 03:34:15', 1, 10, 9, 9, 367.00, 9246.00, 7607.00, 3, '2019-03-23 16:14:14', '2019-08-14 20:45:13', 1),
(120, '2019-04-07 00:50:00', '2019-04-07 15:09:43', 3, 11, 8, 6, 539.00, 9365.00, 5948.00, 4, '2019-02-01 12:02:31', '2019-06-12 17:31:30', 0),
(121, '2019-04-07 01:51:52', '2019-04-07 15:17:29', 8, 10, 2, 4, 392.00, 8574.00, 115.00, 9, '2019-02-04 08:50:43', '2019-08-17 13:35:15', 0),
(122, '2019-04-07 18:09:55', '2019-04-07 18:39:56', 8, 4, 2, 1, 609.00, 5056.00, 1910.00, 7, '2019-02-13 20:20:43', '2019-07-20 17:50:20', 0),
(123, '2019-04-07 10:14:21', '2019-04-07 17:18:10', 12, 11, 3, 7, 322.00, 9036.00, 9945.00, 10, '2019-02-08 08:07:18', '2019-07-11 08:38:46', 1),
(124, '2019-04-06 21:55:51', '2019-04-07 02:17:27', 1, 2, 5, 5, 679.00, 3225.00, 6153.00, 8, '2019-02-11 06:20:53', '2019-06-16 21:30:01', 0),
(125, '2019-04-07 11:52:42', '2019-04-07 09:16:05', 11, 2, 5, 1, 399.00, 6048.00, 8797.00, 9, '2019-02-25 10:36:06', '2019-08-22 19:49:46', 0),
(126, '2019-04-07 00:23:21', '2019-04-07 12:17:36', 3, 2, 4, 1, 386.00, 4541.00, 6760.00, 4, '2019-02-18 19:05:59', '2019-07-31 19:10:53', 1),
(127, '2019-04-07 09:50:30', '2019-04-07 16:26:14', 5, 11, 7, 9, 494.00, 8502.00, 8013.00, 7, '2019-03-28 20:19:18', '2019-08-04 20:29:31', 0),
(128, '2019-04-07 12:04:01', '2019-04-07 15:22:20', 9, 12, 4, 2, 698.00, 8564.00, 7224.00, 6, '2019-04-01 23:32:31', '2019-08-15 14:02:10', 0),
(129, '2019-04-07 06:24:50', '2019-04-07 12:38:52', 4, 12, 4, 2, 367.00, 3301.00, 5018.00, 1, '2019-02-25 21:14:39', '2019-08-29 08:22:54', 0),
(130, '2019-04-07 14:43:56', '2019-04-07 18:03:33', 1, 4, 4, 7, 677.00, 3426.00, 1021.00, 4, '2019-02-19 08:32:30', '2019-04-29 13:21:14', 0),
(131, '2019-04-07 09:22:37', '2019-04-07 04:07:49', 2, 10, 6, 3, 431.00, 4859.00, 4046.00, 1, '2019-04-02 10:54:08', '2019-07-13 07:46:53', 0),
(132, '2019-04-07 07:07:38', '2019-04-07 20:12:19', 11, 11, 3, 7, 536.00, 7079.00, 6738.00, 1, '2019-03-18 13:25:31', '2019-07-08 23:27:30', 1),
(133, '2019-04-06 22:53:20', '2019-04-07 12:08:33', 1, 2, 9, 9, 354.00, 7278.00, 9334.00, 8, '2019-03-23 03:29:57', '2019-07-02 06:18:19', 1),
(134, '2019-04-06 21:00:09', '2019-04-07 12:56:59', 3, 12, 7, 9, 499.00, 5907.00, 5221.00, 10, '2019-03-07 16:42:37', '2019-04-24 01:18:48', 0),
(135, '2019-04-07 03:48:11', '2019-04-07 20:19:49', 12, 9, 7, 8, 458.00, 5119.00, 8083.00, 10, '2019-03-25 03:39:25', '2019-06-17 14:47:09', 1),
(136, '2019-04-07 10:00:43', '2019-04-07 14:22:27', 5, 10, 1, 2, 375.00, 5483.00, 9331.00, 6, '2019-04-01 13:10:15', '2019-06-19 15:39:33', 0),
(137, '2019-04-07 05:55:05', '2019-04-07 03:03:07', 12, 9, 6, 1, 599.00, 9159.00, 7952.00, 10, '2019-03-08 00:03:28', '2019-05-21 02:13:50', 1),
(138, '2019-04-07 20:49:06', '2019-04-07 11:22:49', 4, 1, 2, 4, 612.00, 5851.00, 5283.00, 2, '2019-03-11 04:29:07', '2019-08-23 11:30:58', 0),
(139, '2019-04-07 02:56:26', '2019-04-07 00:05:43', 6, 6, 5, 3, 360.00, 3754.00, 2341.00, 9, '2019-02-08 14:17:36', '2019-05-13 04:02:27', 0),
(140, '2019-04-06 22:46:33', '2019-04-07 08:46:58', 10, 2, 2, 4, 463.00, 5860.00, 7231.00, 6, '2019-02-08 09:47:49', '2019-06-04 04:03:12', 0),
(141, '2019-04-06 23:28:43', '2019-04-07 13:44:25', 12, 7, 2, 6, 664.00, 5491.00, 3176.00, 6, '2019-02-20 09:15:46', '2019-04-14 17:42:07', 1),
(142, '2019-04-07 08:08:02', '2019-04-07 02:43:50', 4, 7, 6, 8, 631.00, 8005.00, 3917.00, 1, '2019-03-31 00:07:06', '2019-05-14 20:29:02', 1),
(143, '2019-04-07 10:34:16', '2019-04-07 02:56:54', 12, 6, 1, 8, 641.00, 4790.00, 7873.00, 6, '2019-03-26 15:30:49', '2019-08-23 08:40:21', 0),
(144, '2019-04-07 13:47:43', '2019-04-07 20:23:22', 4, 7, 3, 3, 494.00, 4909.00, 7322.00, 5, '2019-03-06 21:25:19', '2019-07-03 07:15:27', 1),
(145, '2019-04-07 19:49:08', '2019-04-07 16:50:41', 10, 1, 3, 2, 414.00, 9411.00, 5699.00, 1, '2019-02-24 12:44:32', '2019-05-11 15:14:19', 0),
(146, '2019-04-06 21:52:36', '2019-04-07 07:42:46', 3, 3, 1, 9, 344.00, 8285.00, 8476.00, 4, '2019-04-02 00:41:10', '2019-07-10 19:52:53', 1),
(147, '2019-04-07 02:06:50', '2019-04-07 09:16:04', 10, 8, 4, 8, 456.00, 7655.00, 9930.00, 10, '2019-03-05 13:04:35', '2019-08-09 12:10:53', 1),
(148, '2019-04-07 11:39:23', '2019-04-07 07:12:25', 4, 3, 5, 9, 367.00, 3755.00, 9022.00, 2, '2019-02-23 06:08:53', '2019-05-26 03:03:34', 0),
(149, '2019-04-07 12:22:15', '2019-04-07 00:01:21', 9, 11, 5, 8, 381.00, 4145.00, 4061.00, 7, '2019-02-14 09:21:34', '2019-07-19 14:22:26', 0),
(150, '2019-04-07 03:12:56', '2019-04-07 14:49:46', 4, 3, 1, 6, 508.00, 4279.00, 8803.00, 2, '2019-03-08 05:12:30', '2019-06-14 17:44:48', 1),
(151, '2019-04-06 21:24:22', '2019-04-07 13:30:43', 11, 10, 8, 5, 453.00, 3563.00, 7215.00, 9, '2019-03-09 08:22:27', '2019-08-23 04:40:31', 0),
(152, '2019-04-07 06:05:20', '2019-04-07 02:17:43', 5, 10, 7, 7, 456.00, 6062.00, 6362.00, 6, '2019-02-08 20:50:59', '2019-07-01 04:49:20', 0),
(153, '2019-04-07 00:36:54', '2019-04-07 01:17:08', 6, 3, 1, 6, 446.00, 9481.00, 7605.00, 6, '2019-03-09 12:50:26', '2019-08-27 16:56:40', 1),
(154, '2019-04-07 03:47:42', '2019-04-07 12:26:51', 2, 1, 8, 7, 668.00, 8713.00, 3974.00, 1, '2019-04-02 14:13:30', '2019-08-19 00:25:26', 0),
(155, '2019-04-07 01:02:09', '2019-04-07 01:39:56', 9, 12, 2, 5, 557.00, 4223.00, 9985.00, 9, '2019-02-17 11:51:58', '2019-08-07 05:39:41', 0),
(156, '2019-04-07 10:51:58', '2019-04-07 18:48:33', 10, 3, 3, 4, 388.00, 6970.00, 7713.00, 9, '2019-02-19 16:49:01', '2019-04-30 13:27:57', 0),
(157, '2019-04-07 19:20:20', '2019-04-07 17:05:02', 5, 11, 3, 5, 346.00, 6171.00, 7668.00, 3, '2019-03-23 23:33:35', '2019-07-27 11:02:14', 0),
(158, '2019-04-07 11:50:45', '2019-04-07 17:21:34', 9, 5, 4, 7, 441.00, 7922.00, 8906.00, 4, '2019-04-02 18:13:47', '2019-06-14 04:01:13', 0),
(159, '2019-04-07 00:11:25', '2019-04-07 11:09:58', 3, 10, 8, 4, 528.00, 3913.00, 8829.00, 2, '2019-03-23 14:19:15', '2019-07-01 12:18:24', 1),
(160, '2019-04-07 05:14:36', '2019-04-07 19:25:17', 1, 11, 5, 3, 467.00, 8017.00, 7497.00, 4, '2019-03-06 06:06:38', '2019-07-07 19:03:10', 1),
(161, '2019-04-07 11:31:44', '2019-04-07 09:33:12', 6, 5, 9, 7, 540.00, 8078.00, 2280.00, 8, '2019-03-30 19:46:39', '2019-06-21 05:38:33', 1),
(162, '2019-04-07 07:44:57', '2019-04-07 20:30:11', 12, 7, 8, 9, 543.00, 6270.00, 4022.00, 8, '2019-03-16 04:52:12', '2019-08-24 20:53:57', 0),
(163, '2019-04-07 09:48:38', '2019-04-07 04:02:31', 3, 3, 2, 2, 465.00, 8587.00, 5921.00, 3, '2019-03-30 04:48:55', '2019-06-02 18:31:13', 0),
(164, '2019-04-07 20:48:02', '2019-04-07 00:11:54', 11, 7, 8, 9, 654.00, 6100.00, 3100.00, 3, '2019-02-17 01:34:23', '2019-06-04 10:58:55', 0),
(165, '2019-04-07 06:16:51', '2019-04-07 20:24:52', 9, 12, 8, 1, 552.00, 3870.00, 2536.00, 8, '2019-04-02 15:09:05', '2019-07-26 16:13:45', 1),
(166, '2019-04-07 18:37:50', '2019-04-07 16:43:18', 4, 12, 8, 8, 516.00, 7427.00, 7321.00, 2, '2019-02-25 04:19:56', '2019-08-24 01:35:56', 0),
(167, '2019-04-07 06:32:46', '2019-04-07 10:40:59', 3, 3, 8, 3, 616.00, 3493.00, 1994.00, 6, '2019-04-01 02:01:41', '2019-07-14 13:27:13', 0),
(168, '2019-04-06 22:15:28', '2019-04-06 21:39:09', 1, 4, 2, 9, 418.00, 6418.00, 703.00, 7, '2019-03-09 12:31:26', '2019-06-27 21:07:27', 0),
(169, '2019-04-07 02:20:02', '2019-04-07 14:53:25', 11, 8, 3, 8, 566.00, 7684.00, 1297.00, 6, '2019-03-26 22:49:58', '2019-05-26 09:38:08', 0),
(170, '2019-04-07 07:27:58', '2019-04-06 23:18:00', 7, 11, 7, 5, 406.00, 7322.00, 8439.00, 2, '2019-03-09 07:30:04', '2019-08-30 18:30:33', 1),
(171, '2019-04-07 10:37:55', '2019-04-07 13:19:28', 1, 2, 7, 5, 306.00, 8399.00, 5183.00, 9, '2019-02-26 11:20:35', '2019-04-27 18:16:54', 0),
(172, '2019-04-07 09:45:47', '2019-04-07 20:25:14', 5, 3, 5, 3, 447.00, 7980.00, 1907.00, 4, '2019-03-30 11:38:53', '2019-08-29 04:32:12', 1),
(173, '2019-04-07 04:34:56', '2019-04-07 20:57:18', 8, 3, 6, 7, 339.00, 8831.00, 109.00, 9, '2019-03-10 18:55:56', '2019-05-23 18:54:46', 0),
(174, '2019-04-07 05:05:20', '2019-04-07 11:54:18', 4, 8, 7, 2, 470.00, 7207.00, 1793.00, 6, '2019-03-16 14:53:02', '2019-08-19 06:21:02', 1),
(175, '2019-04-07 18:43:43', '2019-04-07 14:04:33', 6, 5, 7, 7, 505.00, 8791.00, 7694.00, 10, '2019-03-09 06:49:21', '2019-07-26 12:14:31', 1),
(176, '2019-04-07 04:54:32', '2019-04-07 18:02:22', 8, 9, 6, 6, 573.00, 3590.00, 3678.00, 3, '2019-02-03 13:41:57', '2019-08-02 12:14:17', 0),
(177, '2019-04-06 23:19:44', '2019-04-07 20:51:31', 5, 9, 6, 2, 386.00, 3930.00, 7656.00, 8, '2019-02-21 01:57:53', '2019-05-09 07:23:53', 1),
(178, '2019-04-06 21:28:04', '2019-04-07 13:00:52', 11, 11, 7, 4, 365.00, 8415.00, 4597.00, 5, '2019-02-18 22:51:11', '2019-07-29 23:56:22', 0),
(179, '2019-04-07 00:12:16', '2019-04-07 15:43:26', 8, 6, 5, 2, 324.00, 9469.00, 1728.00, 9, '2019-02-05 10:11:08', '2019-04-26 06:01:14', 0),
(180, '2019-04-07 02:50:46', '2019-04-07 12:55:21', 4, 9, 4, 3, 680.00, 7349.00, 3211.00, 10, '2019-03-27 10:26:19', '2019-07-12 12:51:22', 0),
(181, '2019-04-07 05:57:28', '2019-04-07 13:35:06', 11, 12, 2, 8, 319.00, 7349.00, 9327.00, 10, '2019-03-16 20:07:50', '2019-06-06 07:45:34', 0),
(182, '2019-04-07 15:12:12', '2019-04-07 11:38:58', 11, 5, 3, 7, 309.00, 3438.00, 1994.00, 9, '2019-02-04 23:04:21', '2019-07-06 10:46:11', 1),
(183, '2019-04-07 05:26:24', '2019-04-07 16:40:57', 11, 1, 4, 7, 385.00, 5978.00, 9436.00, 9, '2019-03-26 00:44:11', '2019-08-21 10:40:24', 0),
(184, '2019-04-07 09:10:52', '2019-04-07 02:20:21', 6, 3, 4, 4, 642.00, 4385.00, 4069.00, 9, '2019-02-22 00:40:04', '2019-05-27 13:52:10', 0),
(185, '2019-04-07 08:25:07', '2019-04-07 08:03:40', 1, 11, 8, 5, 561.00, 3130.00, 3846.00, 1, '2019-03-10 20:38:50', '2019-07-03 21:11:53', 1),
(186, '2019-04-07 20:43:59', '2019-04-07 19:08:47', 3, 4, 7, 9, 548.00, 9033.00, 1029.00, 4, '2019-04-04 21:05:06', '2019-06-20 10:21:50', 0),
(187, '2019-04-07 01:57:49', '2019-04-07 07:47:42', 6, 8, 8, 6, 327.00, 8488.00, 1516.00, 3, '2019-02-25 09:50:07', '2019-05-10 04:12:08', 0),
(188, '2019-04-07 11:07:42', '2019-04-06 23:36:10', 6, 3, 2, 6, 354.00, 4971.00, 6125.00, 3, '2019-02-28 11:36:15', '2019-07-23 03:03:18', 0),
(189, '2019-04-07 14:53:44', '2019-04-07 02:47:43', 3, 9, 3, 9, 403.00, 6584.00, 5242.00, 7, '2019-03-20 11:56:02', '2019-07-17 18:01:39', 0),
(190, '2019-04-07 07:38:09', '2019-04-07 00:44:57', 11, 7, 1, 2, 330.00, 6412.00, 7272.00, 2, '2019-04-04 04:58:36', '2019-06-13 08:34:08', 0),
(191, '2019-04-07 10:53:07', '2019-04-07 03:07:16', 5, 11, 5, 2, 351.00, 6048.00, 9177.00, 3, '2019-03-01 17:18:43', '2019-06-22 10:59:26', 0),
(192, '2019-04-06 21:50:34', '2019-04-06 22:28:35', 9, 8, 6, 9, 516.00, 3608.00, 4773.00, 7, '2019-02-07 19:12:23', '2019-08-01 04:04:40', 0),
(193, '2019-04-07 05:22:36', '2019-04-07 01:24:40', 3, 1, 3, 6, 424.00, 8738.00, 8239.00, 7, '2019-03-25 05:16:47', '2019-07-05 21:34:41', 1),
(194, '2019-04-07 12:53:23', '2019-04-07 02:14:24', 11, 7, 9, 3, 690.00, 7255.00, 2392.00, 5, '2019-02-08 09:03:45', '2019-05-18 16:17:00', 1),
(195, '2019-04-07 06:16:18', '2019-04-07 00:37:33', 3, 9, 4, 3, 455.00, 7581.00, 8969.00, 3, '2019-03-31 05:35:24', '2019-07-07 04:14:49', 1),
(196, '2019-04-07 10:42:29', '2019-04-07 06:36:09', 10, 1, 9, 3, 3082.00, 3082.00, 9998.00, 1, '2019-03-28 04:36:34', '2019-04-11 23:36:37', 1),
(197, '2019-04-07 18:22:09', '2019-04-06 23:32:28', 10, 3, 2, 7, 654.00, 7961.00, 1249.00, 5, '2019-02-08 01:25:11', '2019-08-05 03:50:33', 1),
(198, '2019-04-07 10:57:09', '2019-04-07 00:11:42', 8, 2, 3, 4, 619.00, 7055.00, 4511.00, 1, '2019-02-17 00:45:54', '2019-05-29 18:28:04', 1),
(199, '2019-04-07 12:58:05', '2019-04-07 01:39:09', 12, 1, 4, 2, 513.00, 3555.00, 2858.00, 2, '2019-02-06 15:07:55', '2019-07-09 13:37:59', 0),
(200, '2019-04-07 11:20:28', '2019-04-07 20:16:47', 4, 4, 8, 3, 417.00, 4007.00, 6316.00, 10, '2019-03-15 00:25:39', '2019-08-06 05:27:40', 0),
(201, '2019-04-07 10:17:31', '2019-04-07 18:34:44', 10, 7, 6, 3, 365.00, 2041.00, 2830.00, 1, '2019-02-08 17:41:28', '2019-07-22 07:31:32', 1),
(202, '2019-04-07 13:03:22', '2019-04-07 01:02:10', 11, 1, 7, 8, 334.00, 4681.00, 3694.00, 2, '2019-02-13 12:40:11', '2019-05-03 05:53:27', 1),
(203, '2019-04-07 09:07:28', '2019-04-07 04:00:34', 3, 10, 8, 4, 265.00, 2444.00, 3673.00, 9, '2019-02-11 03:23:44', '2019-07-22 08:31:50', 1),
(204, '2019-04-07 20:24:51', '2019-04-07 00:30:20', 5, 11, 7, 2, 343.00, 4360.00, 3321.00, 10, '2019-03-11 00:40:23', '2019-07-07 21:23:42', 0),
(205, '2019-04-07 20:26:08', '2019-04-06 23:45:06', 7, 7, 5, 4, 485.00, 2135.00, 746.00, 5, '2019-02-14 16:22:54', '2019-06-10 21:54:28', 0),
(206, '2019-04-07 02:59:54', '2019-04-07 10:14:09', 7, 12, 3, 4, 267.00, 3615.00, 3374.00, 7, '2019-02-07 07:28:06', '2019-06-09 00:33:27', 0),
(207, '2019-04-07 10:35:37', '2019-04-07 14:53:50', 9, 2, 3, 6, 215.00, 9196.00, 8840.00, 4, '2019-03-02 22:05:50', '2019-06-04 23:28:33', 1),
(208, '2019-04-06 22:48:43', '2019-04-07 05:32:27', 3, 7, 5, 9, 389.00, 4498.00, 1965.00, 8, '2019-03-10 01:32:27', '2019-04-29 20:36:35', 0),
(209, '2019-04-07 08:59:34', '2019-04-07 10:36:25', 11, 1, 2, 5, 250.00, 7645.00, 8180.00, 8, '2019-03-06 04:24:47', '2019-07-02 07:04:10', 1),
(210, '2019-04-07 01:51:27', '2019-04-07 06:39:03', 11, 1, 8, 6, 6668.00, 6668.00, 6313.00, 8, '2019-02-16 12:17:15', '2019-04-18 18:26:30', 1),
(211, '2019-04-07 02:29:50', '2019-04-07 13:08:26', 11, 12, 5, 9, 204.00, 3494.00, 5062.00, 7, '2019-02-17 10:03:31', '2019-06-18 06:41:36', 0),
(212, '2019-04-07 05:01:25', '2019-04-07 10:52:04', 1, 6, 7, 5, 295.00, 8247.00, 9895.00, 10, '2019-03-10 10:59:41', '2019-05-14 21:01:38', 1),
(213, '2019-04-07 18:02:32', '2019-04-07 10:29:43', 7, 9, 3, 8, 272.00, 4051.00, 2106.00, 4, '2019-02-14 13:57:04', '2019-04-22 14:49:39', 0),
(214, '2019-04-07 02:37:16', '2019-04-07 10:10:25', 7, 7, 9, 4, 219.00, 5169.00, 2723.00, 5, '2019-04-03 21:04:21', '2019-05-05 00:00:09', 1),
(215, '2019-04-07 18:34:08', '2019-04-07 17:04:20', 12, 5, 9, 1, 251.00, 9314.00, 708.00, 6, '2019-03-28 14:42:34', '2019-05-19 11:55:11', 1),
(216, '2019-04-07 00:03:04', '2019-04-07 20:11:51', 6, 6, 9, 4, 490.00, 2710.00, 1255.00, 4, '2019-03-22 00:37:38', '2019-07-23 22:57:02', 1),
(217, '2019-04-07 16:59:09', '2019-04-07 06:49:23', 8, 13, 4, 1, 2755.00, 2755.00, 8308.00, 7, '2019-02-08 14:43:14', '2019-04-20 14:08:44', 1),
(218, '2019-04-07 17:04:22', '2019-04-07 03:33:57', 5, 1, 7, 3, 250.00, 9157.00, 7521.00, 4, '2019-04-05 20:57:50', '2019-04-21 15:27:33', 0),
(219, '2019-04-07 02:29:38', '2019-04-07 05:44:49', 2, 9, 1, 8, 413.00, 7681.00, 4462.00, 6, '2019-02-10 23:45:00', '2019-05-07 01:58:27', 0),
(220, '2019-04-07 14:00:05', '2019-04-07 20:39:41', 5, 7, 3, 5, 368.00, 6761.00, 246.00, 1, '2019-04-04 12:32:18', '2019-07-17 13:26:47', 1),
(221, '2019-04-07 14:24:17', '2019-04-07 06:16:09', 7, 1, 9, 5, 6483.00, 6483.00, 1181.00, 1, '2019-02-26 13:57:08', '2019-04-10 16:44:22', 1),
(222, '2019-04-07 07:57:12', '2019-04-07 17:17:40', 8, 8, 8, 1, 490.00, 9440.00, 7353.00, 4, '2019-03-23 03:25:59', '2019-06-30 12:59:06', 0),
(223, '2019-04-07 04:28:03', '2019-04-07 16:33:12', 3, 9, 4, 3, 417.00, 4841.00, 7191.00, 10, '2019-02-01 03:50:58', '2019-08-21 14:17:26', 1),
(224, '2019-04-06 22:27:26', '2019-04-07 15:37:06', 3, 10, 3, 3, 319.00, 8569.00, 1627.00, 9, '2019-03-09 03:02:29', '2019-07-17 08:11:30', 1),
(225, '2019-04-07 00:29:21', '2019-04-07 01:08:02', 5, 3, 7, 7, 390.00, 9481.00, 8606.00, 7, '2019-02-10 11:21:05', '2019-06-16 18:15:25', 0),
(226, '2019-04-07 12:24:59', '2019-04-07 04:50:47', 7, 6, 4, 6, 249.00, 8411.00, 5398.00, 1, '2019-03-17 13:06:27', '2019-04-21 15:31:40', 1),
(227, '2019-04-07 14:42:55', '2019-04-06 23:42:08', 3, 9, 3, 7, 266.00, 5417.00, 9467.00, 2, '2019-02-27 15:03:00', '2019-04-13 10:15:43', 1),
(228, '2019-04-07 01:38:26', '2019-04-07 07:20:03', 9, 14, 4, 1, 2871.00, 2871.00, 6374.00, 2, '2019-03-17 15:33:25', '2019-04-20 16:28:58', 1),
(229, '2019-04-07 18:29:40', '2019-04-07 14:51:35', 3, 10, 5, 9, 374.00, 3289.00, 8230.00, 7, '2019-03-10 18:55:39', '2019-08-23 18:34:01', 0),
(230, '2019-04-07 13:18:02', '2019-04-07 06:16:00', 3, 12, 3, 7, 7132.00, 7132.00, 9780.00, 3, '2019-03-13 10:57:43', '2019-04-09 01:51:17', 1),
(231, '2019-04-07 14:19:06', '2019-04-07 19:49:02', 12, 10, 6, 8, 285.00, 4693.00, 9340.00, 9, '2019-02-15 09:05:37', '2019-07-31 11:15:41', 0),
(232, '2019-04-07 09:26:36', '2019-04-07 14:06:57', 1, 2, 1, 8, 462.00, 4142.00, 390.00, 4, '2019-04-01 12:40:55', '2019-06-14 14:13:09', 1),
(233, '2019-04-07 16:29:08', '2019-04-06 23:27:18', 6, 10, 9, 8, 412.00, 5859.00, 6696.00, 10, '2019-02-13 10:52:16', '2019-05-12 01:01:10', 1),
(234, '2019-04-06 22:46:26', '2019-04-07 06:59:22', 10, 10, 7, 1, 471.00, 8603.00, 7693.00, 5, '2019-03-31 06:45:19', '2019-08-06 16:48:14', 0),
(235, '2019-04-07 11:00:56', '2019-04-07 02:00:39', 4, 10, 4, 2, 374.00, 6629.00, 1536.00, 6, '2019-03-04 17:45:48', '2019-07-23 11:56:47', 1),
(236, '2019-04-07 09:22:14', '2019-04-07 06:36:14', 10, 11, 9, 7, 448.00, 6177.00, 3339.00, 6, '2019-03-01 21:10:08', '2019-05-30 00:23:27', 1),
(237, '2019-04-06 23:31:54', '2019-04-07 14:51:16', 4, 9, 5, 3, 273.00, 3021.00, 7823.00, 10, '2019-03-21 20:10:35', '2019-06-12 21:17:37', 0),
(238, '2019-04-07 11:31:22', '2019-04-07 15:43:53', 6, 11, 2, 5, 219.00, 9248.00, 1848.00, 1, '2019-03-25 23:08:16', '2019-05-10 02:00:43', 0),
(239, '2019-04-06 23:31:50', '2019-04-06 21:01:29', 2, 8, 9, 2, 327.00, 6088.00, 5482.00, 5, '2019-03-18 14:07:12', '2019-08-01 21:22:34', 1),
(240, '2019-04-07 20:05:31', '2019-04-07 14:26:31', 7, 4, 1, 9, 276.00, 5966.00, 6576.00, 8, '2019-03-02 03:59:56', '2019-06-20 23:44:10', 0),
(241, '2019-04-07 01:23:14', '2019-04-07 18:28:37', 9, 10, 3, 3, 382.00, 2323.00, 3481.00, 1, '2019-02-15 10:48:13', '2019-04-18 05:01:17', 1),
(242, '2019-04-07 06:05:44', '2019-04-06 22:47:12', 11, 5, 6, 7, 408.00, 2955.00, 3677.00, 7, '2019-03-31 08:07:34', '2019-06-22 04:58:59', 1),
(243, '2019-04-07 17:55:51', '2019-04-07 03:03:04', 7, 12, 7, 8, 310.00, 2938.00, 4064.00, 1, '2019-04-04 12:25:28', '2019-05-12 08:12:26', 0),
(244, '2019-04-07 05:46:04', '2019-04-07 00:28:50', 7, 4, 7, 5, 357.00, 7008.00, 228.00, 1, '2019-02-02 16:37:26', '2019-08-23 21:12:55', 1),
(245, '2019-04-06 22:23:28', '2019-04-07 15:23:31', 3, 9, 3, 6, 309.00, 2570.00, 7013.00, 10, '2019-02-13 16:13:20', '2019-07-09 01:12:07', 1),
(246, '2019-04-07 07:19:22', '2019-04-07 02:12:31', 7, 5, 2, 7, 322.00, 2984.00, 4291.00, 10, '2019-02-20 09:50:22', '2019-05-31 13:50:51', 0),
(247, '2019-04-07 10:28:36', '2019-04-07 05:02:35', 5, 4, 8, 9, 293.00, 7098.00, 5849.00, 8, '2019-02-16 09:48:49', '2019-08-14 07:24:57', 0),
(248, '2019-04-07 13:56:35', '2019-04-07 06:41:49', 8, 13, 9, 9, 3377.00, 3377.00, 3164.00, 5, '2019-03-29 13:01:44', '2019-04-16 15:11:34', 1),
(249, '2019-04-07 19:37:37', '2019-04-07 07:37:37', 11, 8, 4, 5, 483.00, 4626.00, 6878.00, 1, '2019-02-05 06:22:08', '2019-07-06 01:58:29', 0),
(250, '2019-04-07 12:57:55', '2019-04-06 22:50:13', 5, 4, 4, 5, 267.00, 3282.00, 9299.00, 4, '2019-03-21 03:43:14', '2019-05-21 13:51:55', 0),
(251, '2019-04-07 17:18:02', '2019-04-07 06:39:13', 6, 1, 5, 4, 2586.00, 2586.00, 5501.00, 2, '2019-03-08 16:00:27', '2019-04-18 18:07:21', 1),
(252, '2019-04-07 20:29:39', '2019-04-07 09:21:03', 6, 5, 6, 9, 288.00, 2345.00, 4617.00, 5, '2019-03-27 00:27:40', '2019-06-23 13:44:51', 0),
(253, '2019-04-07 06:50:33', '2019-04-07 00:08:44', 12, 2, 8, 7, 206.00, 5162.00, 5819.00, 4, '2019-02-23 04:49:05', '2019-06-27 03:32:58', 0),
(254, '2019-04-07 06:54:20', '2019-04-07 01:54:04', 4, 8, 5, 3, 284.00, 3236.00, 4439.00, 1, '2019-02-13 00:34:47', '2019-08-01 01:53:18', 1),
(255, '2019-04-07 20:34:02', '2019-04-07 08:02:58', 2, 6, 3, 9, 251.00, 2201.00, 574.00, 8, '2019-03-13 10:25:24', '2019-06-18 21:19:47', 1),
(256, '2019-04-07 04:45:22', '2019-04-07 09:19:13', 6, 3, 9, 5, 269.00, 9477.00, 9653.00, 2, '2019-03-02 13:48:02', '2019-05-12 15:46:26', 1),
(257, '2019-04-07 06:12:26', '2019-04-07 06:39:21', 4, 12, 5, 8, 424.00, 9050.00, 5779.00, 1, '2019-03-28 23:31:30', '2019-08-04 04:35:19', 1),
(258, '2019-04-07 05:36:45', '2019-04-07 07:16:22', 2, 6, 1, 8, 267.00, 7514.00, 8304.00, 2, '2019-03-06 18:03:24', '2019-07-05 18:13:04', 0),
(259, '2019-04-07 17:17:02', '2019-04-07 00:17:49', 5, 12, 4, 8, 357.00, 7210.00, 8238.00, 2, '2019-03-23 15:05:31', '2019-07-06 18:15:01', 1),
(260, '2019-04-07 06:42:11', '2019-04-07 19:10:40', 1, 11, 5, 3, 479.00, 2511.00, 3453.00, 7, '2019-02-02 23:20:33', '2019-05-31 19:37:34', 0),
(261, '2019-04-07 04:05:27', '2019-04-07 19:16:21', 10, 6, 5, 8, 263.00, 7297.00, 5359.00, 4, '2019-02-06 08:47:24', '2019-06-14 09:26:49', 1),
(262, '2019-04-07 05:14:06', '2019-04-07 12:06:20', 9, 5, 3, 5, 248.00, 8808.00, 3876.00, 4, '2019-03-01 14:48:38', '2019-07-10 09:10:49', 0),
(263, '2019-04-06 23:43:09', '2019-04-07 05:02:53', 5, 1, 8, 5, 401.00, 6028.00, 3554.00, 5, '2019-03-13 05:18:04', '2019-05-21 09:21:53', 0),
(264, '2019-04-07 03:46:16', '2019-04-06 21:49:05', 9, 11, 7, 7, 211.00, 5551.00, 7719.00, 9, '2019-02-02 09:16:24', '2019-04-16 13:40:56', 1),
(265, '2019-04-07 11:46:46', '2019-04-07 01:19:34', 3, 9, 3, 7, 398.00, 4359.00, 6073.00, 3, '2019-02-09 15:47:51', '2019-07-15 10:46:12', 1),
(266, '2019-04-07 11:56:00', '2019-04-07 17:44:12', 6, 9, 8, 3, 208.00, 5504.00, 4657.00, 7, '2019-03-18 08:48:49', '2019-06-11 09:26:30', 1),
(267, '2019-04-07 17:31:34', '2019-04-07 12:50:31', 12, 4, 8, 8, 273.00, 3981.00, 9865.00, 6, '2019-04-01 02:43:37', '2019-07-02 13:04:06', 0),
(268, '2019-04-07 18:57:46', '2019-04-07 13:22:02', 5, 3, 1, 1, 313.00, 8556.00, 4819.00, 9, '2019-02-15 01:19:20', '2019-06-01 02:59:47', 0),
(269, '2019-04-06 22:32:25', '2019-04-07 00:58:50', 11, 2, 9, 4, 229.00, 8314.00, 7383.00, 1, '2019-02-07 22:24:23', '2019-06-16 07:12:42', 0),
(270, '2019-04-07 09:01:07', '2019-04-06 23:41:06', 6, 5, 3, 4, 210.00, 4918.00, 2064.00, 7, '2019-03-31 14:44:10', '2019-08-04 00:23:29', 0),
(271, '2019-04-07 17:35:27', '2019-04-07 07:42:56', 7, 1, 5, 6, 271.00, 4508.00, 8789.00, 1, '2019-03-10 00:03:09', '2019-07-20 01:01:34', 1),
(272, '2019-04-07 14:42:14', '2019-04-07 06:33:22', 4, 8, 5, 2, 295.00, 2223.00, 1920.00, 6, '2019-02-08 20:04:44', '2019-05-01 09:24:49', 1),
(273, '2019-04-07 17:41:47', '2019-04-07 15:32:14', 6, 5, 8, 7, 211.00, 8944.00, 1820.00, 6, '2019-02-24 22:45:55', '2019-04-29 05:01:04', 1),
(274, '2019-04-06 21:34:07', '2019-04-07 09:29:34', 3, 7, 5, 8, 444.00, 5114.00, 5399.00, 7, '2019-03-25 16:18:06', '2019-07-28 22:23:22', 1),
(275, '2019-04-07 06:04:10', '2019-04-07 18:11:11', 12, 2, 7, 8, 253.00, 6858.00, 6653.00, 1, '2019-02-19 15:04:05', '2019-04-09 06:06:48', 1),
(276, '2019-04-07 06:13:38', '2019-04-07 04:25:51', 1, 8, 9, 3, 426.00, 7063.00, 8519.00, 8, '2019-02-09 17:02:38', '2019-08-17 19:18:52', 0),
(277, '2019-04-07 07:17:06', '2019-04-07 11:49:38', 5, 1, 2, 7, 273.00, 3741.00, 3072.00, 3, '2019-02-12 18:17:47', '2019-08-20 14:20:56', 1),
(278, '2019-04-07 09:26:58', '2019-04-07 19:13:09', 11, 1, 9, 4, 227.00, 6251.00, 6295.00, 10, '2019-03-10 23:06:17', '2019-07-13 12:45:27', 1),
(279, '2019-04-07 15:33:39', '2019-04-07 11:12:50', 5, 1, 2, 7, 301.00, 2738.00, 1857.00, 1, '2019-03-22 02:51:30', '2019-07-24 21:44:24', 0),
(280, '2019-04-07 17:06:27', '2019-04-07 08:35:59', 7, 4, 5, 4, 307.00, 9389.00, 8233.00, 3, '2019-02-23 09:10:03', '2019-07-18 23:52:03', 0),
(281, '2019-04-07 05:38:46', '2019-04-07 02:00:26', 5, 6, 1, 7, 320.00, 5724.00, 5831.00, 5, '2019-03-05 14:23:40', '2019-07-27 17:51:41', 1),
(282, '2019-04-07 05:41:07', '2019-04-07 12:59:05', 7, 9, 7, 6, 487.00, 5986.00, 6593.00, 5, '2019-04-01 06:11:12', '2019-07-15 03:10:39', 1),
(283, '2019-04-07 08:09:39', '2019-04-06 22:07:08', 10, 11, 7, 8, 326.00, 9194.00, 6326.00, 6, '2019-03-03 11:25:56', '2019-05-13 03:56:13', 0),
(284, '2019-04-06 23:47:34', '2019-04-07 11:51:49', 12, 7, 1, 6, 231.00, 7123.00, 9314.00, 2, '2019-02-01 02:13:32', '2019-05-04 13:42:53', 0),
(285, '2019-04-07 11:41:40', '2019-04-07 03:00:05', 2, 7, 7, 9, 336.00, 6159.00, 4159.00, 2, '2019-03-27 21:12:19', '2019-05-29 03:24:45', 0),
(286, '2019-04-07 12:07:29', '2019-04-06 23:31:29', 9, 11, 8, 8, 289.00, 2409.00, 9966.00, 4, '2019-02-08 00:48:24', '2019-04-24 18:00:26', 0),
(287, '2019-04-07 14:13:40', '2019-04-07 20:22:28', 5, 3, 1, 3, 253.00, 3619.00, 3879.00, 3, '2019-02-23 13:59:23', '2019-08-13 03:49:48', 1),
(288, '2019-04-06 21:26:39', '2019-04-07 19:16:34', 9, 6, 1, 5, 249.00, 3442.00, 8921.00, 7, '2019-02-02 23:01:26', '2019-06-20 04:13:16', 0),
(289, '2019-04-07 16:00:36', '2019-04-07 15:14:59', 7, 7, 3, 6, 411.00, 3948.00, 5017.00, 2, '2019-04-02 09:32:19', '2019-08-15 00:24:25', 0),
(290, '2019-04-07 02:30:51', '2019-04-07 13:06:23', 12, 3, 2, 5, 473.00, 9007.00, 8747.00, 9, '2019-03-20 16:06:29', '2019-05-29 19:45:19', 0),
(291, '2019-04-07 10:08:55', '2019-04-07 06:00:53', 5, 11, 7, 2, 316.00, 2377.00, 5761.00, 5, '2019-02-20 09:44:35', '2019-06-22 23:55:51', 0),
(292, '2019-04-07 13:04:12', '2019-04-07 09:11:26', 7, 10, 1, 9, 358.00, 7876.00, 7778.00, 1, '2019-03-22 15:10:42', '2019-05-03 10:57:54', 0),
(293, '2019-04-07 10:10:26', '2019-04-07 08:59:47', 1, 6, 4, 3, 430.00, 4887.00, 2595.00, 2, '2019-04-01 04:36:38', '2019-07-31 04:43:56', 1),
(294, '2019-04-07 09:32:30', '2019-04-07 04:24:02', 4, 4, 7, 3, 278.00, 7713.00, 9406.00, 9, '2019-02-16 20:34:08', '2019-08-05 13:16:14', 0),
(295, '2019-04-06 23:30:16', '2019-04-07 08:52:55', 11, 1, 9, 8, 281.00, 8485.00, 7254.00, 9, '2019-03-23 19:58:58', '2019-08-01 04:12:59', 0),
(296, '2019-04-07 09:43:55', '2019-04-06 21:51:49', 6, 5, 9, 3, 324.00, 4288.00, 8413.00, 3, '2019-02-18 21:41:57', '2019-05-20 22:49:33', 0),
(297, '2019-04-07 16:24:13', '2019-04-06 21:53:29', 1, 9, 5, 2, 296.00, 6252.00, 7983.00, 2, '2019-02-13 01:29:36', '2019-05-12 15:51:22', 1),
(298, '2019-04-07 12:26:13', '2019-04-07 03:29:47', 5, 4, 9, 8, 468.00, 7660.00, 8873.00, 1, '2019-04-02 03:41:32', '2019-05-14 03:14:14', 0),
(299, '2019-04-07 03:30:11', '2019-04-07 04:37:21', 9, 1, 7, 6, 473.00, 7895.00, 1870.00, 2, '2019-04-03 16:38:55', '2019-05-01 03:42:55', 1);

-- --------------------------------------------------------

--
-- Struktura tabeli dla tabeli `migrations`
--

CREATE TABLE `migrations` (
  `id` int(10) UNSIGNED NOT NULL,
  `migration` varchar(191) COLLATE utf8mb4_unicode_ci NOT NULL,
  `batch` int(11) NOT NULL
) ENGINE=InnoDB DEFAULT CHARSET=utf8mb4 COLLATE=utf8mb4_unicode_ci;

--
-- Zrzut danych tabeli `migrations`
--

INSERT INTO `migrations` (`id`, `migration`, `batch`) VALUES
(1, '2014_10_12_000000_create_users_table', 1),
(2, '2014_10_12_100000_create_password_resets_table', 1),
(3, '2019_04_05_173851_create_listings', 1),
(5, '2019_04_06_190246_stats', 2);

-- --------------------------------------------------------

--
-- Struktura tabeli dla tabeli `password_resets`
--

CREATE TABLE `password_resets` (
  `email` varchar(191) COLLATE utf8mb4_unicode_ci NOT NULL,
  `token` varchar(191) COLLATE utf8mb4_unicode_ci NOT NULL,
  `created_at` timestamp NULL DEFAULT NULL
) ENGINE=InnoDB DEFAULT CHARSET=utf8mb4 COLLATE=utf8mb4_unicode_ci;

-- --------------------------------------------------------

--
-- Struktura tabeli dla tabeli `products`
--

CREATE TABLE `products` (
  `id` bigint(20) UNSIGNED NOT NULL,
  `name` varchar(191) COLLATE utf8mb4_unicode_ci NOT NULL,
  `icon_name` varchar(191) COLLATE utf8mb4_unicode_ci NOT NULL
) ENGINE=InnoDB DEFAULT CHARSET=utf8mb4 COLLATE=utf8mb4_unicode_ci;

--
-- Zrzut danych tabeli `products`
--

INSERT INTO `products` (`id`, `name`, `icon_name`) VALUES
(1, 'Τομάτες', 'tomato.jpg'),
(2, 'Ελιές', 'olive.jpg'),
(3, 'Καρότα', 'carrot.jpg'),
(4, 'Μαρούλια', 'lettuce.jpg'),
(5, 'Στάρι', 'wheat.jpg'),
(6, 'Σταφύλια', 'grapes.jpg'),
(7, 'Μούρα', 'berries.jpg'),
(8, 'Πιπεριές', 'pepper.jpg'),
(9, 'Μήλα', 'apple.jpg');

-- --------------------------------------------------------

--
-- Struktura tabeli dla tabeli `users`
--

CREATE TABLE `users` (
  `id` bigint(20) UNSIGNED NOT NULL,
  `name` varchar(191) COLLATE utf8mb4_unicode_ci NOT NULL,
  `subname` varchar(191) COLLATE utf8mb4_unicode_ci DEFAULT NULL,
  `email` varchar(191) COLLATE utf8mb4_unicode_ci NOT NULL,
  `email_verified_at` timestamp NULL DEFAULT NULL,
  `password` varchar(191) COLLATE utf8mb4_unicode_ci NOT NULL,
  `field` int(11) DEFAULT NULL,
  `type` int(11) DEFAULT NULL,
  `municipality` varchar(191) COLLATE utf8mb4_unicode_ci DEFAULT NULL,
  `area` varchar(191) COLLATE utf8mb4_unicode_ci DEFAULT NULL,
  `remember_token` varchar(100) COLLATE utf8mb4_unicode_ci DEFAULT NULL,
  `created_at` timestamp NULL DEFAULT NULL,
  `updated_at` timestamp NULL DEFAULT NULL
) ENGINE=InnoDB DEFAULT CHARSET=utf8mb4 COLLATE=utf8mb4_unicode_ci;

--
-- Zrzut danych tabeli `users`
--

INSERT INTO `users` (`id`, `name`, `subname`, `email`, `email_verified_at`, `password`, `field`, `type`, `municipality`, `area`, `remember_token`, `created_at`, `updated_at`) VALUES
(1, 'wdfef', NULL, 'e@e.com', NULL, '$2y$10$dYMjKsy9.I7TKJNf5A8AjeZzaKpCi6Xbx0cFLVGKr4QYD4ZJznw.O', NULL, 11, NULL, NULL, NULL, '2019-04-06 08:51:52', '2019-04-06 08:51:52'),
(2, 'wdfef', NULL, 'e2@e.com', NULL, '$2y$10$dYMjKsy9.I7TKJNf5A8AjeZzaKpCi6Xbx0cFLVGKr4QYD4ZJznw.O', NULL, 11, NULL, NULL, NULL, '2019-04-06 08:51:52', '2019-04-06 08:51:52'),
(3, 'paulos', NULL, 'paulos@gay.com', NULL, '$2y$10$C/gmTbBk8TuWKpsJoShRTe6f7K.xelW5J/6RMbsoFxQIrHng3G5Mm', NULL, 11, NULL, NULL, NULL, '2019-04-06 13:59:13', '2019-04-06 13:59:13'),
(4, 'paulosgay', NULL, 'giory@hotmail.com', NULL, '$2y$10$eO4iHdifWZu2BWbVF2gQcOO87kG.tRDk7GL27nZSl0p4LZm2FKo7G', NULL, 11, NULL, NULL, NULL, '2019-04-06 14:10:56', '2019-04-06 14:10:56'),
(5, 'belina', NULL, 'belinak@yahoo.com', NULL, '$2y$10$s484/zzV9PA2iB2xyymnnuFdgRXkMQOq3K2ARho9O3ih1LAAMalSy', NULL, 11, NULL, NULL, NULL, '2019-04-06 14:21:39', '2019-04-06 14:21:39'),
(6, 'lol', NULL, 'e2443224@e.com', NULL, '$2y$10$UFOwFy8iPs6eRmwzIkgnsea9lTqUcJ7pNFc7HjHldD6jysdf3MXkG', NULL, 0, NULL, NULL, NULL, '2019-04-06 14:21:39', '2019-04-06 14:21:39'),
(7, 'dsd', NULL, 'e2332@e.com', NULL, '$2y$10$UFOwFy8iPs6eRmwzIkgnsea9lTqUcJ7pNFc7HjHldD6jysdf3MXkG', NULL, 0, NULL, NULL, NULL, '2019-04-06 14:21:39', '2019-04-06 14:21:39'),
(8, 'wfsg', NULL, 'e232@e.com', NULL, '$2y$10$UFOwFy8iPs6eRmwzIkgnsea9lTqUcJ7pNFc7HjHldD6jysdf3MXkG', NULL, 0, NULL, NULL, NULL, '2019-04-06 14:21:39', '2019-04-06 14:21:39'),
(9, 'aedfsr', NULL, 'e32@e.com', NULL, '$2y$10$UFOwFy8iPs6eRmwzIkgnsea9lTqUcJ7pNFc7HjHldD6jysdf3MXkG', NULL, 0, NULL, NULL, NULL, '2019-04-06 14:21:39', '2019-04-06 14:21:39'),
(10, 'sdfdsf', NULL, 'efwef@FDSF.COM', NULL, '$2y$10$UFOwFy8iPs6eRmwzIkgnsea9lTqUcJ7pNFc7HjHldD6jysdf3MXkG', NULL, 0, NULL, NULL, NULL, '2019-04-06 14:21:39', '2019-04-06 14:21:39'),
(11, 'fsdfses', NULL, 'dafesfse@faeg.com', NULL, '$2y$10$UFOwFy8iPs6eRmwzIkgnsea9lTqUcJ7pNFc7HjHldD6jysdf3MXkG', NULL, 0, NULL, NULL, NULL, '2019-04-06 14:21:39', '2019-04-06 14:21:39'),
(12, 'paulos', NULL, 'paulosgay@gay.com', NULL, '$2y$10$6JncB.o9mL/kbNlqvNDxp.g/9fmROuDgCEHq227ap3cLbGuhPqvCq', NULL, 11, NULL, NULL, NULL, '2019-04-06 18:28:31', '2019-04-06 18:28:31'),
(13, 'test', NULL, 'test@test', NULL, '$2y$10$nR0UqflwwDnfo9kpEiFZCOfKn9wgHzI861PVMiRcY8jgcNI3MsnF2', NULL, NULL, NULL, NULL, NULL, '2019-04-07 06:38:54', '2019-04-07 06:38:54'),
(14, 'Paulos', NULL, 'e4@e.com', NULL, '$2y$10$dYMjKsy9.I7TKJNf5A8AjeZzaKpCi6Xbx0cFLVGKr4QYD4ZJznw.O', NULL, 11, NULL, NULL, NULL, '2019-04-07 07:03:54', '2019-04-07 07:03:54'),
(15, 'test1', NULL, 'test@1', NULL, '$2y$10$6JncB.o9mL/kbNlqvNDxp.g/9fmROuDgCEHq227ap3cLbGuhPqvCq', NULL, 0, NULL, NULL, NULL, '2019-04-06 13:59:13', '2019-04-06 13:59:13'),
(16, 'test2', NULL, 'test@2', NULL, '$2y$10$6JncB.o9mL/kbNlqvNDxp.g/9fmROuDgCEHq227ap3cLbGuhPqvCq', NULL, 0, NULL, NULL, NULL, '2019-04-06 13:59:13', '2019-04-06 13:59:13'),
(17, 'test3', NULL, 'test@3', NULL, '$2y$10$6JncB.o9mL/kbNlqvNDxp.g/9fmROuDgCEHq227ap3cLbGuhPqvCq', NULL, 0, NULL, NULL, NULL, '2019-04-06 13:59:13', '2019-04-06 13:59:13');

--
-- Indeksy dla zrzutów tabel
--

--
-- Indeksy dla tabeli `areacodes`
--
ALTER TABLE `areacodes`
  ADD PRIMARY KEY (`id`);

--
-- Indeksy dla tabeli `listings`
--
ALTER TABLE `listings`
  ADD PRIMARY KEY (`id`),
  ADD KEY `listings_seller_id_foreign` (`seller_id`),
  ADD KEY `listings_buyer_id_foreign` (`buyer_id`),
  ADD KEY `listings_product_id_foreign` (`product_id`),
  ADD KEY `listings_areacodes_id_foreign` (`areacodes_id`);

--
-- Indeksy dla tabeli `migrations`
--
ALTER TABLE `migrations`
  ADD PRIMARY KEY (`id`);

--
-- Indeksy dla tabeli `password_resets`
--
ALTER TABLE `password_resets`
  ADD KEY `password_resets_email_index` (`email`);

--
-- Indeksy dla tabeli `products`
--
ALTER TABLE `products`
  ADD PRIMARY KEY (`id`);

--
-- Indeksy dla tabeli `users`
--
ALTER TABLE `users`
  ADD PRIMARY KEY (`id`),
  ADD UNIQUE KEY `users_email_unique` (`email`);

--
-- AUTO_INCREMENT for dumped tables
--

--
-- AUTO_INCREMENT dla tabeli `areacodes`
--
ALTER TABLE `areacodes`
  MODIFY `id` bigint(20) UNSIGNED NOT NULL AUTO_INCREMENT, AUTO_INCREMENT=85801;

--
-- AUTO_INCREMENT dla tabeli `listings`
--
ALTER TABLE `listings`
  MODIFY `id` bigint(20) UNSIGNED NOT NULL AUTO_INCREMENT, AUTO_INCREMENT=300;

--
-- AUTO_INCREMENT dla tabeli `migrations`
--
ALTER TABLE `migrations`
  MODIFY `id` int(10) UNSIGNED NOT NULL AUTO_INCREMENT, AUTO_INCREMENT=6;

--
-- AUTO_INCREMENT dla tabeli `products`
--
ALTER TABLE `products`
  MODIFY `id` bigint(20) UNSIGNED NOT NULL AUTO_INCREMENT, AUTO_INCREMENT=10;

--
-- AUTO_INCREMENT dla tabeli `users`
--
ALTER TABLE `users`
  MODIFY `id` bigint(20) UNSIGNED NOT NULL AUTO_INCREMENT, AUTO_INCREMENT=18;

--
-- Ograniczenia dla zrzutów tabel
--

--
-- Ograniczenia dla tabeli `listings`
--
ALTER TABLE `listings`
  ADD CONSTRAINT `listings_areacodes_id_foreign` FOREIGN KEY (`areacodes_id`) REFERENCES `areacodes` (`id`),
  ADD CONSTRAINT `listings_buyer_id_foreign` FOREIGN KEY (`buyer_id`) REFERENCES `users` (`id`),
  ADD CONSTRAINT `listings_product_id_foreign` FOREIGN KEY (`product_id`) REFERENCES `products` (`id`),
  ADD CONSTRAINT `listings_seller_id_foreign` FOREIGN KEY (`seller_id`) REFERENCES `users` (`id`);
COMMIT;

/*!40101 SET CHARACTER_SET_CLIENT=@OLD_CHARACTER_SET_CLIENT */;
/*!40101 SET CHARACTER_SET_RESULTS=@OLD_CHARACTER_SET_RESULTS */;
/*!40101 SET COLLATION_CONNECTION=@OLD_COLLATION_CONNECTION */;
